"bmicat","gawk","mu","sigma","nu","tau","P1","P2.3","P3","P5","P10","P16","P20","P25","P50","P75","P80","P84","P90","P95","P97","P97.7","P99"
"underweight",8,0.5321,1.6975,1.4306,2.8462,-2.38,-1.72,-1.54,-1.22,-0.83,-0.58,-0.45,-0.32,0.28,1.08,1.33,1.58,2.13,3.04,3.82,4.27,5.96
"underweight",9,0.6689,1.7515,1.4431,2.8961,-2.34,-1.66,-1.48,-1.15,-0.75,-0.49,-0.36,-0.22,0.41,1.25,1.51,1.77,2.34,3.29,4.1,4.57,6.31
"underweight",10,0.8178,1.8073,1.4559,2.9515,-2.28,-1.6,-1.41,-1.08,-0.67,-0.4,-0.26,-0.12,0.54,1.43,1.7,1.97,2.57,3.56,4.4,4.89,6.68
"underweight",11,0.9853,1.865,1.4688,3.0147,-2.21,-1.53,-1.33,-0.99,-0.57,-0.29,-0.15,0,0.69,1.63,1.91,2.2,2.83,3.86,4.73,5.23,7.07
"underweight",12,1.1771,1.9247,1.4822,3.0885,-2.13,-1.43,-1.24,-0.89,-0.46,-0.16,-0.02,0.14,0.87,1.85,2.15,2.46,3.11,4.19,5.09,5.61,7.5
"underweight",13,1.397,1.9866,1.4959,3.177,-2.02,-1.31,-1.12,-0.76,-0.32,-0.01,0.14,0.3,1.08,2.11,2.43,2.75,3.44,4.55,5.48,6.02,7.95
"underweight",14,1.6477,2.0509,1.51,3.2852,-1.88,-1.17,-0.97,-0.61,-0.15,0.16,0.32,0.49,1.31,2.41,2.74,3.08,3.8,4.96,5.92,6.47,8.44
"underweight",15,1.9319,2.1177,1.5248,3.4196,-1.72,-1.01,-0.81,-0.44,0.03,0.36,0.53,0.71,1.58,2.74,3.1,3.45,4.2,5.41,6.4,6.96,8.97
"underweight",16,2.2482,2.1871,1.5402,3.5866,-1.53,-0.82,-0.61,-0.24,0.25,0.59,0.76,0.96,1.88,3.12,3.49,3.86,4.65,5.9,6.92,7.49,9.52
"underweight",17,2.5921,2.2594,1.5564,3.7923,-1.32,-0.61,-0.4,-0.02,0.48,0.84,1.02,1.22,2.21,3.52,3.92,4.31,5.14,6.43,7.47,8.05,10.1
"underweight",18,2.9592,2.3345,1.5735,4.0442,-1.09,-0.38,-0.17,0.21,0.73,1.1,1.29,1.51,2.56,3.96,4.37,4.78,5.65,6.99,8.05,8.64,10.68
"underweight",19,3.3443,2.4125,1.5915,4.3519,-0.84,-0.14,0.07,0.46,0.99,1.38,1.58,1.81,2.93,4.42,4.85,5.29,6.19,7.57,8.65,9.25,11.28
"underweight",20,3.741,2.4937,1.6105,4.7275,-0.58,0.11,0.32,0.72,1.26,1.66,1.88,2.12,3.31,4.89,5.35,5.8,6.75,8.16,9.26,9.86,11.88
"underweight",21,4.1428,2.5782,1.6302,5.1863,-0.31,0.37,0.57,0.97,1.53,1.95,2.18,2.43,3.7,5.37,5.86,6.33,7.31,8.77,9.88,10.48,12.48
"underweight",22,4.5437,2.666,1.6506,5.7473,-0.05,0.62,0.82,1.23,1.8,2.23,2.47,2.74,4.09,5.86,6.37,6.86,7.88,9.37,10.49,11.09,13.07
"underweight",23,4.941,2.7574,1.6715,6.436,0.2,0.86,1.07,1.47,2.06,2.51,2.76,3.04,4.47,6.34,6.88,7.39,8.45,9.97,11.1,11.7,13.65
"underweight",24,5.3332,2.8524,1.6928,7.2857,0.45,1.1,1.3,1.71,2.31,2.78,3.04,3.34,4.85,6.82,7.38,7.92,9.01,10.57,11.71,12.31,14.23
"underweight",25,5.7191,2.9511,1.7143,8.3392,0.68,1.32,1.53,1.94,2.55,3.04,3.31,3.62,5.22,7.3,7.88,8.44,9.57,11.16,12.31,12.91,14.81
"underweight",26,6.1006,3.0536,1.7358,9.6498,0.91,1.54,1.75,2.17,2.79,3.29,3.57,3.9,5.59,7.77,8.38,8.96,10.13,11.75,12.91,13.51,15.39
"underweight",27,6.483,3.1597,1.757,11.2821,1.13,1.76,1.97,2.39,3.03,3.55,3.84,4.19,5.96,8.24,8.88,9.49,10.69,12.35,13.52,14.12,15.98
"underweight",28,6.8717,3.2691,1.7777,13.3169,1.36,1.98,2.19,2.62,3.27,3.81,4.11,4.47,6.33,8.72,9.39,10.01,11.26,12.95,14.14,14.74,16.6
"underweight",29,7.2704,3.3816,1.7978,15.8558,1.59,2.21,2.42,2.85,3.52,4.07,4.39,4.77,6.72,9.21,9.9,10.55,11.83,13.57,14.77,15.38,17.24
"underweight",30,7.6781,3.4971,1.8174,19.0275,1.83,2.45,2.66,3.1,3.78,4.35,4.68,5.07,7.11,9.71,10.42,11.1,12.42,14.2,15.42,16.04,17.9
"underweight",31,8.0929,3.6155,1.8364,22.9944,2.07,2.69,2.9,3.35,4.05,4.63,4.97,5.38,7.51,10.21,10.95,11.65,13.02,14.84,16.09,16.71,18.59
"underweight",32,8.5135,3.7366,1.855,27.9597,2.31,2.94,3.15,3.6,4.32,4.92,5.27,5.7,7.91,10.72,11.49,12.21,13.62,15.49,16.77,17.4,19.3
"underweight",33,8.9413,3.86,1.8732,34.1765,2.55,3.19,3.41,3.86,4.59,5.22,5.58,6.02,8.32,11.24,12.03,12.78,14.23,16.16,17.46,18.11,20.03
"underweight",34,9.3789,3.9856,1.8908,41.9591,2.81,3.45,3.67,4.13,4.88,5.52,5.9,6.35,8.73,11.76,12.58,13.36,14.85,16.83,18.17,18.83,20.78
"underweight",35,9.8293,4.1128,1.9078,51.6965,3.07,3.72,3.94,4.42,5.18,5.84,6.23,6.7,9.16,12.3,13.15,13.95,15.49,17.53,18.89,19.57,21.56
"underweight",36,10.2929,4.2415,1.9241,63.8714,3.35,4,4.23,4.71,5.49,6.17,6.57,7.06,9.61,12.85,13.73,14.55,16.14,18.23,19.63,20.33,22.37
"underweight",37,10.768,4.3718,1.94,79.0829,3.63,4.29,4.53,5.02,5.81,6.51,6.92,7.42,10.06,13.41,14.31,15.16,16.8,18.96,20.39,21.1,23.19
"underweight",38,11.2523,4.5037,1.9559,98.0688,3.92,4.6,4.83,5.33,6.15,6.86,7.28,7.8,10.52,13.98,14.91,15.79,17.48,19.69,21.17,21.9,24.03
"underweight",39,11.7438,4.6375,1.9718,121.7407,4.22,4.9,5.15,5.65,6.48,7.21,7.65,8.18,10.99,14.55,15.52,16.42,18.16,20.44,21.96,22.7,24.89
"underweight",40,12.2404,4.7736,1.9878,151.2484,4.52,5.22,5.46,5.98,6.83,7.57,8.02,8.57,11.46,15.14,16.13,17.06,18.85,21.19,22.75,23.52,25.77
"underweight",41,12.7398,4.9127,2.004,188.0288,4.83,5.53,5.78,6.3,7.17,7.93,8.39,8.96,11.93,15.72,16.74,17.7,19.55,21.96,23.56,24.35,26.65
"normalweight",8,0.699,2.5351,1.0951,2.5449,-4.9,-3.27,-2.84,-2.11,-1.27,-0.76,-0.52,-0.28,0.59,1.55,1.84,2.12,2.75,3.81,4.74,5.29,7.37
"normalweight",9,0.6694,2.5763,1.1201,2.5643,-4.91,-3.31,-2.89,-2.17,-1.34,-0.83,-0.59,-0.35,0.54,1.53,1.83,2.13,2.79,3.89,4.86,5.43,7.61
"normalweight",10,0.7045,2.6187,1.145,2.5923,-4.87,-3.3,-2.89,-2.18,-1.35,-0.84,-0.6,-0.36,0.54,1.58,1.89,2.2,2.89,4.05,5.07,5.66,7.92
"normalweight",11,0.7998,2.6627,1.1697,2.6304,-4.79,-3.25,-2.84,-2.14,-1.31,-0.8,-0.57,-0.32,0.61,1.7,2.02,2.35,3.08,4.29,5.34,5.96,8.31
"normalweight",12,0.9509,2.7083,1.194,2.6812,-4.67,-3.16,-2.75,-2.05,-1.23,-0.72,-0.48,-0.23,0.73,1.87,2.22,2.56,3.33,4.59,5.7,6.34,8.77
"normalweight",13,1.1533,2.7558,1.2178,2.7476,-4.52,-3.03,-2.63,-1.94,-1.11,-0.59,-0.35,-0.09,0.91,2.11,2.47,2.84,3.64,4.97,6.12,6.78,9.28
"normalweight",14,1.4026,2.8054,1.2407,2.8341,-4.34,-2.88,-2.48,-1.79,-0.96,-0.43,-0.18,0.08,1.13,2.41,2.79,3.18,4.02,5.41,6.6,7.29,9.85
"normalweight",15,1.6944,2.8573,1.2628,2.947,-4.13,-2.7,-2.3,-1.62,-0.78,-0.24,0.02,0.29,1.39,2.75,3.16,3.57,4.46,5.91,7.14,7.84,10.46
"normalweight",16,2.0242,2.9119,1.2837,3.0946,-3.9,-2.5,-2.11,-1.42,-0.57,-0.02,0.25,0.53,1.7,3.15,3.58,4.01,4.95,6.46,7.72,8.45,11.09
"normalweight",17,2.3875,2.9693,1.3033,3.2894,-3.64,-2.28,-1.9,-1.21,-0.35,0.22,0.5,0.79,2.04,3.59,4.05,4.51,5.49,7.05,8.35,9.08,11.72
"normalweight",18,2.78,3.0299,1.3213,3.5491,-3.37,-2.05,-1.67,-0.98,-0.11,0.48,0.77,1.08,2.41,4.07,4.56,5.04,6.07,7.69,9,9.73,12.35
"normalweight",19,3.1971,3.094,1.3375,3.8995,-3.08,-1.8,-1.43,-0.74,0.14,0.75,1.06,1.39,2.81,4.59,5.11,5.62,6.69,8.34,9.66,10.4,12.94
"normalweight",20,3.6348,3.1619,1.3519,4.3777,-2.76,-1.53,-1.17,-0.49,0.41,1.04,1.37,1.71,3.24,5.14,5.68,6.22,7.33,9.02,10.33,11.05,13.51
"normalweight",21,4.09,3.2336,1.3643,5.0339,-2.43,-1.25,-0.9,-0.22,0.69,1.35,1.69,2.06,3.69,5.71,6.28,6.84,7.99,9.7,11,11.7,14.04
"normalweight",22,4.5599,3.3092,1.3747,5.9387,-2.08,-0.96,-0.61,0.06,0.99,1.67,2.02,2.41,4.15,6.3,6.9,7.48,8.66,10.38,11.66,12.33,14.56
"normalweight",23,5.0414,3.3886,1.3833,7.193,-1.72,-0.65,-0.31,0.36,1.3,2.01,2.38,2.79,4.63,6.9,7.52,8.13,9.34,11.05,12.31,12.96,15.07
"normalweight",24,5.5319,3.4719,1.3899,8.9406,-1.36,-0.32,0.01,0.67,1.62,2.35,2.74,3.17,5.12,7.5,8.15,8.77,10.01,11.73,12.96,13.6,15.59
"normalweight",25,6.0283,3.5592,1.3947,11.3865,-1,0,0.33,0.99,1.96,2.72,3.12,3.57,5.62,8.1,8.78,9.42,10.68,12.4,13.62,14.23,16.15
"normalweight",26,6.5277,3.6503,1.3977,14.8214,-0.65,0.33,0.66,1.32,2.31,3.09,3.51,3.97,6.12,8.7,9.4,10.06,11.34,13.08,14.28,14.88,16.73
"normalweight",27,7.0273,3.7453,1.3989,19.6561,-0.31,0.66,0.98,1.65,2.66,3.46,3.89,4.38,6.62,9.3,10.02,10.69,12,13.75,14.95,15.55,17.35
"normalweight",28,7.5242,3.8443,1.3985,26.4672,0,0.97,1.3,1.98,3.01,3.84,4.29,4.79,7.11,9.89,10.63,11.32,12.66,14.43,15.62,16.22,18
"normalweight",29,8.0155,3.9471,1.3964,36.0573,0.3,1.28,1.61,2.3,3.36,4.21,4.67,5.19,7.6,10.47,11.23,11.94,13.3,15.1,16.31,16.9,18.67
"normalweight",30,8.4983,4.0537,1.3928,49.5307,0.57,1.56,1.9,2.6,3.69,4.57,5.05,5.59,8.08,11.03,11.81,12.54,13.94,15.77,16.99,17.59,19.36
"normalweight",31,8.9702,4.1642,1.3877,68.4005,0.82,1.83,2.18,2.9,4.02,4.92,5.42,5.98,8.54,11.59,12.39,13.14,14.57,16.43,17.67,18.28,20.07
"normalweight",32,9.4311,4.2784,1.3813,94.8124,1.04,2.07,2.43,3.17,4.33,5.26,5.78,6.35,9,12.13,12.96,13.72,15.19,17.09,18.35,18.97,20.78
"normalweight",33,9.8817,4.3966,1.3736,131.7955,1.24,2.3,2.67,3.43,4.62,5.59,6.12,6.72,9.45,12.67,13.51,14.3,15.8,17.74,19.03,19.66,21.49
"normalweight",34,10.3229,4.5187,1.3649,183.5989,1.41,2.5,2.89,3.67,4.91,5.91,6.46,7.07,9.89,13.19,14.06,14.87,16.41,18.39,19.7,20.34,22.21
"normalweight",35,10.7555,4.6448,1.3552,256.1841,1.56,2.69,3.08,3.9,5.18,6.21,6.78,7.42,10.32,13.71,14.6,15.43,17,19.04,20.38,21.03,22.94
"normalweight",36,11.1803,4.7749,1.3447,357.9152,1.69,2.86,3.27,4.11,5.43,6.51,7.1,7.75,10.74,14.23,15.14,15.99,17.6,19.68,21.05,21.72,23.66
"normalweight",37,11.598,4.9092,1.3336,500.5272,1.8,3.01,3.43,4.31,5.68,6.79,7.4,8.08,11.16,14.74,15.67,16.54,18.19,20.32,21.72,22.4,24.39
"normalweight",38,12.0094,5.0475,1.3218,700.4846,1.88,3.14,3.58,4.49,5.91,7.06,7.69,8.4,11.57,15.24,16.2,17.09,18.78,20.96,22.39,23.09,25.12
"normalweight",39,12.4154,5.1899,1.3097,980.8853,1.95,3.25,3.71,4.65,6.13,7.33,7.98,8.71,11.97,15.75,16.73,17.64,19.37,21.6,23.07,23.78,25.86
"normalweight",40,12.8167,5.3365,1.2972,1374.1299,2,3.35,3.83,4.81,6.34,7.58,8.26,9.01,12.38,16.25,17.26,18.19,19.96,22.24,23.74,24.47,26.59
"normalweight",41,13.214,5.4873,1.2845,1925.6604,2.03,3.44,3.93,4.95,6.54,7.83,8.53,9.31,12.78,16.75,17.78,18.74,20.55,22.89,24.42,25.16,27.33
"overweight",8,0.6224,3.3298,1.2704,2.1912,-3.8,-2.5,-2.17,-1.62,-1.01,-0.65,-0.48,-0.31,0.36,1.22,1.5,1.78,2.42,3.58,4.64,5.29,7.87
"overweight",9,0.6808,3.3583,1.2712,2.2219,-4.03,-2.66,-2.31,-1.72,-1.07,-0.68,-0.51,-0.32,0.4,1.33,1.62,1.93,2.62,3.84,4.97,5.66,8.37
"overweight",10,0.7557,3.3873,1.272,2.258,-4.25,-2.8,-2.44,-1.82,-1.13,-0.71,-0.52,-0.32,0.46,1.46,1.78,2.1,2.84,4.14,5.33,6.05,8.9
"overweight",11,0.8546,3.4169,1.2727,2.3005,-4.45,-2.94,-2.55,-1.9,-1.16,-0.72,-0.51,-0.3,0.54,1.62,1.96,2.3,3.09,4.47,5.73,6.48,9.45
"overweight",12,0.9844,3.4473,1.2733,2.3512,-4.63,-3.05,-2.64,-1.96,-1.18,-0.7,-0.48,-0.25,0.66,1.81,2.18,2.55,3.38,4.84,6.16,6.95,10.04
"overweight",13,1.1491,3.4788,1.2738,2.4117,-4.77,-3.14,-2.71,-1.99,-1.16,-0.66,-0.42,-0.17,0.81,2.05,2.44,2.83,3.72,5.26,6.64,7.46,10.65
"overweight",14,1.3521,3.5116,1.2742,2.4847,-4.88,-3.2,-2.75,-2,-1.12,-0.58,-0.33,-0.06,1,2.33,2.74,3.17,4.11,5.72,7.15,8.01,11.28
"overweight",15,1.5964,3.5459,1.2745,2.573,-4.95,-3.22,-2.76,-1.97,-1.04,-0.47,-0.2,0.09,1.23,2.66,3.1,3.55,4.55,6.23,7.72,8.59,11.93
"overweight",16,1.8816,3.582,1.2748,2.6803,-4.96,-3.2,-2.72,-1.9,-0.93,-0.32,-0.03,0.27,1.5,3.04,3.51,3.98,5.03,6.79,8.31,9.21,12.58
"overweight",17,2.2048,3.6202,1.2751,2.8105,-4.93,-3.14,-2.65,-1.8,-0.79,-0.14,0.17,0.49,1.81,3.46,3.96,4.46,5.56,7.38,8.94,9.85,13.23
"overweight",18,2.5629,3.6606,1.2757,2.9683,-4.83,-3.03,-2.54,-1.67,-0.61,0.07,0.4,0.75,2.16,3.92,4.45,4.98,6.12,8,9.58,10.5,13.86
"overweight",19,2.9519,3.7036,1.2767,3.1592,-4.67,-2.88,-2.39,-1.5,-0.41,0.31,0.66,1.03,2.55,4.42,4.97,5.53,6.72,8.64,10.24,11.15,14.47
"overweight",20,3.3662,3.7493,1.278,3.3893,-4.46,-2.7,-2.2,-1.3,-0.17,0.58,0.95,1.34,2.95,4.94,5.52,6.1,7.34,9.3,10.9,11.81,15.05
"overweight",21,3.7998,3.7979,1.2798,3.6655,-4.21,-2.47,-1.97,-1.07,0.09,0.87,1.26,1.67,3.39,5.48,6.09,6.69,7.97,9.96,11.56,12.45,15.6
"overweight",22,4.2469,3.8498,1.2821,3.9956,-3.91,-2.22,-1.72,-0.82,0.37,1.18,1.58,2.01,3.83,6.04,6.67,7.3,8.61,10.61,12.2,13.08,16.13
"overweight",23,4.7021,3.905,1.2848,4.3887,-3.59,-1.94,-1.45,-0.54,0.66,1.49,1.92,2.37,4.28,6.6,7.26,7.91,9.25,11.27,12.84,13.7,16.64
"overweight",24,5.1603,3.964,1.288,4.8552,-3.25,-1.65,-1.17,-0.26,0.96,1.82,2.26,2.73,4.74,7.16,7.85,8.51,9.88,11.91,13.47,14.31,17.14
"overweight",25,5.6163,4.027,1.2914,5.4069,-2.9,-1.35,-0.87,0.03,1.26,2.15,2.6,3.09,5.2,7.72,8.43,9.11,10.51,12.55,14.09,14.91,17.63
"overweight",26,6.0672,4.0941,1.2951,6.058,-2.56,-1.05,-0.58,0.32,1.56,2.47,2.94,3.45,5.64,8.27,9,9.7,11.12,13.17,14.69,15.5,18.13
"overweight",27,6.5119,4.1656,1.2989,6.8254,-2.23,-0.75,-0.29,0.6,1.86,2.79,3.28,3.81,6.09,8.81,9.56,10.28,11.73,13.78,15.29,16.08,18.63
"overweight",28,6.9495,4.2417,1.3028,7.7295,-1.9,-0.47,-0.01,0.89,2.16,3.11,3.61,4.15,6.52,9.34,10.11,10.85,12.32,14.39,15.88,16.66,19.14
"overweight",29,7.3797,4.3226,1.3066,8.7945,-1.6,-0.19,0.27,1.16,2.45,3.42,3.93,4.49,6.95,9.86,10.65,11.41,12.91,14.99,16.47,17.24,19.66
"overweight",30,7.8036,4.4084,1.3102,10.049,-1.31,0.08,0.53,1.43,2.73,3.73,4.25,4.83,7.37,10.38,11.19,11.96,13.49,15.58,17.07,17.83,20.19
"overweight",31,8.2222,4.4991,1.3135,11.5278,-1.04,0.34,0.79,1.69,3.01,4.02,4.56,5.16,7.78,10.88,11.72,12.51,14.06,16.18,17.66,18.41,20.75
"overweight",32,8.6368,4.5951,1.3166,13.2723,-0.78,0.58,1.03,1.94,3.28,4.32,4.87,5.48,8.19,11.39,12.24,13.05,14.63,16.77,18.26,19.01,21.32
"overweight",33,9.0483,4.6963,1.3192,15.3313,-0.54,0.82,1.27,2.18,3.54,4.61,5.17,5.8,8.6,11.89,12.77,13.59,15.21,17.37,18.87,19.62,21.91
"overweight",34,9.4576,4.8028,1.3214,17.7629,-0.32,1.04,1.5,2.42,3.8,4.89,5.47,6.12,9,12.39,13.29,14.13,15.78,17.98,19.48,20.24,22.52
"overweight",35,9.8654,4.9147,1.3231,20.6366,-0.11,1.25,1.71,2.65,4.06,5.17,5.77,6.43,9.4,12.88,13.81,14.68,16.36,18.59,20.11,20.87,23.15
"overweight",36,10.2716,5.0319,1.3242,24.0343,0.08,1.45,1.92,2.87,4.31,5.45,6.06,6.75,9.8,13.38,14.33,15.22,16.94,19.21,20.74,21.51,23.8
"overweight",37,10.6753,5.1543,1.3249,28.0525,0.26,1.64,2.11,3.08,4.55,5.72,6.35,7.05,10.2,13.88,14.85,15.76,17.52,19.83,21.39,22.16,24.46
"overweight",38,11.0753,5.2816,1.3252,32.8055,0.41,1.82,2.3,3.28,4.78,5.98,6.63,7.35,10.59,14.37,15.37,16.31,18.1,20.46,22.04,22.82,25.14
"overweight",39,11.471,5.4137,1.3253,38.4288,0.56,1.98,2.47,3.47,5,6.23,6.9,7.64,10.97,14.87,15.89,16.85,18.68,21.09,22.69,23.49,25.84
"overweight",40,11.8632,5.5502,1.3253,45.0818,0.68,2.13,2.63,3.65,5.22,6.48,7.17,7.93,11.36,15.36,16.41,17.39,19.27,21.72,23.36,24.16,26.54
"overweight",41,12.2529,5.691,1.3252,52.9524,0.8,2.27,2.78,3.82,5.43,6.73,7.43,8.22,11.74,15.84,16.92,17.93,19.85,22.36,24.03,24.85,27.27
"obesity",8,0.7548,3.494,1.3999,2.1571,-2.93,-1.91,-1.65,-1.22,-0.75,-0.46,-0.32,-0.18,0.42,1.26,1.53,1.81,2.46,3.63,4.73,5.39,8.07
"obesity",9,0.7902,3.5214,1.3791,2.1797,-3.22,-2.11,-1.82,-1.35,-0.83,-0.51,-0.36,-0.21,0.45,1.34,1.63,1.93,2.62,3.86,5.01,5.71,8.5
"obesity",10,0.8316,3.5496,1.3583,2.2058,-3.54,-2.32,-2.01,-1.49,-0.91,-0.56,-0.4,-0.23,0.49,1.44,1.75,2.07,2.8,4.1,5.31,6.04,8.95
"obesity",11,0.8851,3.5788,1.3375,2.2363,-3.86,-2.53,-2.19,-1.63,-0.99,-0.6,-0.42,-0.24,0.53,1.56,1.88,2.22,2.99,4.36,5.62,6.39,9.42
"obesity",12,0.9574,3.6093,1.3167,2.2722,-4.2,-2.75,-2.38,-1.76,-1.06,-0.64,-0.44,-0.23,0.6,1.7,2.04,2.4,3.22,4.66,5.97,6.77,9.9
"obesity",13,1.0568,3.6411,1.2959,2.3146,-4.53,-2.96,-2.56,-1.88,-1.11,-0.65,-0.43,-0.21,0.7,1.87,2.24,2.62,3.48,4.99,6.35,7.18,10.41
"obesity",14,1.1921,3.6745,1.2754,2.3646,-4.84,-3.16,-2.72,-1.98,-1.14,-0.63,-0.39,-0.15,0.84,2.09,2.48,2.88,3.79,5.36,6.78,7.63,10.94
"obesity",15,1.3714,3.7095,1.2554,2.4236,-5.13,-3.32,-2.85,-2.05,-1.13,-0.58,-0.31,-0.04,1.02,2.36,2.77,3.2,4.15,5.78,7.24,8.12,11.49
"obesity",16,1.5951,3.7462,1.236,2.4932,-5.37,-3.45,-2.94,-2.08,-1.09,-0.48,-0.2,0.1,1.26,2.68,3.12,3.56,4.55,6.25,7.75,8.64,12.06
"obesity",17,1.8572,3.7849,1.2177,2.575,-5.57,-3.54,-3.01,-2.09,-1.02,-0.35,-0.04,0.28,1.53,3.04,3.5,3.97,5.01,6.75,8.29,9.19,12.64
"obesity",18,2.1519,3.8256,1.2008,2.6709,-5.71,-3.6,-3.03,-2.06,-0.91,-0.2,0.14,0.49,1.83,3.44,3.93,4.42,5.49,7.29,8.85,9.76,13.21
"obesity",19,2.4731,3.8686,1.1855,2.7829,-5.81,-3.62,-3.03,-2,-0.78,-0.02,0.35,0.72,2.17,3.87,4.38,4.89,6.01,7.84,9.42,10.34,13.76
"obesity",20,2.8152,3.9138,1.172,2.9127,-5.85,-3.6,-2.99,-1.92,-0.63,0.19,0.57,0.97,2.52,4.32,4.86,5.39,6.54,8.41,10,10.92,14.31
"obesity",21,3.1725,3.9612,1.1603,3.0619,-5.83,-3.55,-2.92,-1.81,-0.46,0.4,0.82,1.24,2.89,4.79,5.34,5.9,7.08,8.99,10.58,11.5,14.83
"obesity",22,3.5396,4.0108,1.1506,3.232,-5.76,-3.46,-2.82,-1.68,-0.28,0.63,1.07,1.52,3.27,5.27,5.84,6.41,7.63,9.56,11.16,12.06,15.33
"obesity",23,3.9128,4.0626,1.1429,3.4241,-5.64,-3.34,-2.69,-1.53,-0.08,0.87,1.33,1.81,3.66,5.74,6.34,6.93,8.18,10.14,11.73,12.62,15.81
"obesity",24,4.2892,4.1166,1.1369,3.6392,-5.48,-3.2,-2.54,-1.36,0.12,1.11,1.59,2.09,4.04,6.22,6.84,7.45,8.73,10.7,12.29,13.17,16.29
"obesity",25,4.6657,4.1729,1.1327,3.8775,-5.29,-3.03,-2.37,-1.18,0.34,1.36,1.86,2.38,4.42,6.7,7.34,7.96,9.27,11.26,12.84,13.71,16.75
"obesity",26,5.0407,4.2316,1.13,4.1399,-5.07,-2.84,-2.19,-0.99,0.56,1.61,2.13,2.67,4.8,7.16,7.82,8.47,9.8,11.81,13.38,14.24,17.21
"obesity",27,5.4138,4.2932,1.1288,4.4279,-4.84,-2.64,-1.99,-0.79,0.78,1.86,2.4,2.96,5.18,7.63,8.31,8.97,10.33,12.35,13.92,14.77,17.67
"obesity",28,5.7845,4.358,1.1289,4.7436,-4.59,-2.43,-1.79,-0.59,1.01,2.11,2.67,3.25,5.55,8.09,8.79,9.46,10.85,12.89,14.45,15.3,18.14
"obesity",29,6.1526,4.4266,1.13,5.0896,-4.34,-2.22,-1.58,-0.38,1.24,2.37,2.93,3.53,5.91,8.54,9.26,9.95,11.36,13.43,14.98,15.82,18.61
"obesity",30,6.5182,4.4993,1.1321,5.4693,-4.1,-2.01,-1.37,-0.17,1.46,2.61,3.2,3.81,6.28,8.99,9.73,10.44,11.88,13.96,15.52,16.35,19.09
"obesity",31,6.8816,4.5766,1.135,5.8873,-3.85,-1.8,-1.16,0.04,1.69,2.86,3.46,4.09,6.63,9.44,10.2,10.93,12.4,14.5,16.06,16.89,19.59
"obesity",32,7.243,4.659,1.1386,6.3493,-3.61,-1.59,-0.96,0.24,1.91,3.1,3.71,4.36,6.99,9.88,10.67,11.41,12.91,15.04,16.6,17.43,20.09
"obesity",33,7.6014,4.7467,1.1426,6.8618,-3.38,-1.39,-0.76,0.44,2.12,3.34,3.96,4.63,7.34,10.33,11.13,11.9,13.43,15.58,17.15,17.98,20.62
"obesity",34,7.9558,4.84,1.1471,7.4322,-3.17,-1.2,-0.57,0.63,2.33,3.57,4.21,4.9,7.69,10.77,11.6,12.38,13.94,16.13,17.71,18.53,21.15
"obesity",35,8.305,4.9393,1.1518,8.0695,-2.97,-1.02,-0.39,0.81,2.53,3.79,4.45,5.15,8.03,11.21,12.06,12.86,14.46,16.68,18.27,19.09,21.7
"obesity",36,8.6477,5.0445,1.1567,8.7836,-2.79,-0.85,-0.23,0.98,2.72,4.01,4.67,5.39,8.36,11.64,12.51,13.34,14.98,17.23,18.83,19.66,22.25
"obesity",37,8.9826,5.1553,1.1618,9.5846,-2.63,-0.7,-0.08,1.14,2.89,4.21,4.89,5.63,8.68,12.07,12.97,13.82,15.49,17.78,19.4,20.23,22.82
"obesity",38,9.3084,5.2715,1.1669,10.4836,-2.48,-0.57,0.05,1.28,3.05,4.39,5.09,5.85,9,12.49,13.41,14.29,16,18.33,19.96,20.8,23.39
"obesity",39,9.6244,5.3925,1.1721,11.4933,-2.36,-0.46,0.17,1.4,3.2,4.57,5.28,6.06,9.3,12.9,13.85,14.75,16.5,18.87,20.53,21.37,23.97
"obesity",40,9.9324,5.5181,1.1774,12.6268,-2.26,-0.36,0.27,1.51,3.34,4.73,5.47,6.26,9.6,13.31,14.29,15.21,17,19.42,21.1,21.95,24.55
"obesity",41,10.235,5.6476,1.1828,13.8983,-2.17,-0.27,0.36,1.62,3.47,4.89,5.64,6.46,9.89,13.71,14.72,15.66,17.5,19.97,21.67,22.53,25.14
"obesityclassI",8,0.4954,2.8285,1.3778,2.1681,-2.65,-1.77,-1.55,-1.18,-0.77,-0.52,-0.4,-0.28,0.23,0.93,1.15,1.38,1.92,2.89,3.79,4.34,6.54
"obesityclassI",9,0.5995,2.8711,1.3732,2.1991,-2.83,-1.88,-1.64,-1.23,-0.78,-0.51,-0.38,-0.25,0.32,1.08,1.32,1.58,2.16,3.21,4.18,4.77,7.12
"obesityclassI",10,0.7021,2.9147,1.3681,2.2364,-3.03,-2,-1.74,-1.3,-0.81,-0.51,-0.37,-0.22,0.4,1.23,1.5,1.78,2.41,3.54,4.58,5.21,7.7
"obesityclassI",11,0.806,2.9594,1.3625,2.2813,-3.25,-2.15,-1.86,-1.38,-0.84,-0.51,-0.36,-0.2,0.49,1.4,1.69,1.99,2.68,3.89,5,5.67,8.3
"obesityclassI",12,0.9157,3.0053,1.3562,2.3358,-3.48,-2.3,-1.99,-1.48,-0.88,-0.52,-0.35,-0.17,0.58,1.58,1.89,2.22,2.96,4.26,5.43,6.14,8.91
"obesityclassI",13,1.0414,3.0524,1.3493,2.4016,-3.71,-2.45,-2.12,-1.56,-0.92,-0.52,-0.33,-0.14,0.69,1.78,2.12,2.47,3.27,4.65,5.89,6.64,9.52
"obesityclassI",14,1.1951,3.1008,1.3417,2.4808,-3.92,-2.59,-2.23,-1.63,-0.93,-0.5,-0.29,-0.08,0.83,2.02,2.39,2.77,3.62,5.08,6.38,7.16,10.14
"obesityclassI",15,1.3882,3.1503,1.3337,2.5756,-4.09,-2.69,-2.31,-1.67,-0.92,-0.44,-0.22,0.02,1.01,2.3,2.7,3.1,4.01,5.55,6.9,7.7,10.75
"obesityclassI",16,1.6231,3.2012,1.3255,2.6885,-4.21,-2.75,-2.35,-1.67,-0.86,-0.35,-0.1,0.15,1.24,2.63,3.06,3.49,4.45,6.06,7.46,8.28,11.37
"obesityclassI",17,1.8954,3.2538,1.3173,2.8226,-4.27,-2.76,-2.35,-1.64,-0.77,-0.22,0.05,0.33,1.5,3,3.46,3.92,4.93,6.59,8.03,8.86,11.96
"obesityclassI",18,2.2003,3.3084,1.3094,2.981,-4.29,-2.74,-2.32,-1.57,-0.65,-0.06,0.23,0.53,1.81,3.41,3.89,4.38,5.43,7.16,8.61,9.45,12.54
"obesityclassI",19,2.5333,3.3651,1.3021,3.1675,-4.24,-2.68,-2.24,-1.46,-0.5,0.13,0.44,0.77,2.14,3.85,4.36,4.87,5.97,7.73,9.21,10.05,13.09
"obesityclassI",20,2.8895,3.4243,1.2955,3.3852,-4.15,-2.58,-2.13,-1.33,-0.32,0.35,0.68,1.03,2.5,4.31,4.85,5.38,6.52,8.32,9.8,10.64,13.62
"obesityclassI",21,3.264,3.4859,1.2897,3.6375,-4.02,-2.44,-1.99,-1.17,-0.12,0.58,0.94,1.31,2.87,4.79,5.35,5.91,7.08,8.91,10.39,11.22,14.14
"obesityclassI",22,3.6522,3.5502,1.2848,3.927,-3.85,-2.28,-1.82,-0.99,0.1,0.84,1.21,1.6,3.26,5.29,5.87,6.45,7.65,9.51,10.98,11.8,14.64
"obesityclassI",23,4.0507,3.6173,1.2808,4.256,-3.65,-2.09,-1.63,-0.78,0.33,1.11,1.49,1.91,3.66,5.79,6.39,6.99,8.23,10.1,11.57,12.37,15.13
"obesityclassI",24,4.4562,3.687,1.2777,4.6254,-3.42,-1.88,-1.42,-0.56,0.58,1.38,1.79,2.23,4.07,6.29,6.92,7.53,8.8,10.69,12.15,12.94,15.63
"obesityclassI",25,4.8656,3.7594,1.2755,5.0348,-3.18,-1.66,-1.2,-0.33,0.84,1.67,2.1,2.55,4.48,6.79,7.45,8.08,9.37,11.28,12.73,13.51,16.13
"obesityclassI",26,5.2761,3.8347,1.2741,5.4843,-2.93,-1.43,-0.97,-0.09,1.1,1.96,2.4,2.88,4.89,7.3,7.97,8.61,9.94,11.86,13.31,14.08,16.63
"obesityclassI",27,5.6852,3.9131,1.2735,5.9756,-2.68,-1.19,-0.73,0.15,1.37,2.25,2.71,3.2,5.3,7.79,8.49,9.15,10.5,12.44,13.88,14.65,17.15
"obesityclassI",28,6.0904,3.9949,1.2735,6.5108,-2.43,-0.96,-0.49,0.39,1.64,2.54,3.01,3.53,5.71,8.29,9,9.68,11.05,13.01,14.46,15.22,17.68
"obesityclassI",29,6.4898,4.0806,1.2742,7.093,-2.19,-0.73,-0.26,0.63,1.9,2.83,3.31,3.84,6.1,8.77,9.5,10.2,11.6,13.59,15.03,15.79,18.22
"obesityclassI",30,6.8828,4.1705,1.2754,7.7274,-1.96,-0.51,-0.04,0.86,2.15,3.11,3.61,4.15,6.49,9.25,10,10.72,12.15,14.16,15.61,16.36,18.77
"obesityclassI",31,7.2689,4.265,1.2771,8.4214,-1.75,-0.3,0.17,1.08,2.39,3.38,3.89,4.45,6.87,9.72,10.49,11.23,12.69,14.73,16.19,16.94,19.33
"obesityclassI",32,7.6479,4.3644,1.2792,9.1844,-1.55,-0.1,0.37,1.29,2.63,3.63,4.16,4.74,7.25,10.18,10.98,11.73,13.23,15.29,16.77,17.52,19.9
"obesityclassI",33,8.0188,4.4691,1.2815,10.0266,-1.37,0.09,0.56,1.49,2.85,3.88,4.43,5.02,7.61,10.64,11.46,12.23,13.76,15.86,17.35,18.11,20.48
"obesityclassI",34,8.3801,4.5794,1.284,10.9595,-1.2,0.25,0.73,1.68,3.06,4.12,4.68,5.29,7.96,11.09,11.93,12.73,14.29,16.43,17.93,18.7,21.07
"obesityclassI",35,8.7306,4.6957,1.2864,11.9973,-1.06,0.4,0.88,1.84,3.25,4.34,4.91,5.54,8.3,11.53,12.4,13.21,14.82,16.99,18.51,19.29,21.67
"obesityclassI",36,9.0691,4.8181,1.2888,13.1556,-0.95,0.52,1.01,1.98,3.43,4.54,5.13,5.78,8.63,11.96,12.86,13.69,15.34,17.56,19.1,19.88,22.27
"obesityclassI",37,9.3948,4.9465,1.2911,14.4498,-0.86,0.63,1.12,2.11,3.58,4.72,5.33,6,8.95,12.39,13.3,14.17,15.85,18.12,19.68,20.47,22.88
"obesityclassI",38,9.7067,5.0808,1.2934,15.8975,-0.8,0.7,1.2,2.21,3.72,4.89,5.52,6.21,9.25,12.8,13.74,14.63,16.36,18.67,20.26,21.07,23.5
"obesityclassI",39,10.0047,5.2207,1.2958,17.5186,-0.76,0.76,1.27,2.29,3.83,5.04,5.68,6.4,9.54,13.2,14.17,15.08,16.86,19.23,20.85,21.66,24.11
"obesityclassI",40,10.2916,5.366,1.2982,19.3334,-0.74,0.8,1.31,2.36,3.93,5.17,5.84,6.57,9.81,13.59,14.59,15.53,17.35,19.77,21.43,22.25,24.74
"obesityclassI",41,10.5711,5.5163,1.3007,21.3637,-0.74,0.82,1.34,2.41,4.02,5.29,5.98,6.73,10.08,13.98,15.01,15.98,17.85,20.33,22.01,22.85,25.37
"obesityclassII",8,0.4435,3.1722,1.0989,2.4038,-6.09,-4.12,-3.61,-2.75,-1.78,-1.19,-0.93,-0.66,0.31,1.39,1.71,2.04,2.76,4,5.11,5.77,8.32
"obesityclassII",9,0.4307,3.2345,1.0968,2.485,-6.54,-4.48,-3.94,-3.03,-1.98,-1.35,-1.06,-0.77,0.3,1.47,1.82,2.17,2.95,4.27,5.44,6.13,8.78
"obesityclassII",10,0.4277,3.2979,1.0948,2.5821,-6.95,-4.82,-4.26,-3.3,-2.18,-1.51,-1.19,-0.87,0.29,1.57,1.94,2.32,3.16,4.55,5.77,6.48,9.2
"obesityclassII",11,0.4402,3.3625,1.0928,2.6977,-7.33,-5.14,-4.56,-3.55,-2.38,-1.65,-1.31,-0.97,0.3,1.68,2.09,2.49,3.38,4.84,6.11,6.84,9.61
"obesityclassII",12,0.4739,3.4284,1.091,2.8345,-7.65,-5.43,-4.83,-3.78,-2.55,-1.77,-1.41,-1.04,0.33,1.82,2.26,2.69,3.63,5.15,6.45,7.2,9.99
"obesityclassII",13,0.5342,3.4953,1.0893,2.9947,-7.91,-5.67,-5.06,-3.98,-2.69,-1.87,-1.48,-1.09,0.39,1.99,2.45,2.91,3.9,5.48,6.81,7.57,10.35
"obesityclassII",14,0.6261,3.5635,1.0877,3.1798,-8.09,-5.86,-5.24,-4.14,-2.79,-1.93,-1.52,-1.1,0.48,2.19,2.68,3.16,4.19,5.82,7.17,7.93,10.7
"obesityclassII",15,0.7547,3.6328,1.0865,3.3908,-8.21,-5.99,-5.36,-4.24,-2.86,-1.96,-1.52,-1.08,0.61,2.43,2.94,3.45,4.52,6.19,7.55,8.31,11.04
"obesityclassII",16,0.9212,3.7034,1.0856,3.6279,-8.25,-6.05,-5.43,-4.3,-2.87,-1.94,-1.48,-1.01,0.78,2.7,3.24,3.77,4.87,6.58,7.95,8.71,11.39
"obesityclassII",17,1.1241,3.7754,1.0851,3.8915,-8.23,-6.07,-5.44,-4.3,-2.85,-1.87,-1.4,-0.9,0.98,3,3.57,4.12,5.26,6.99,8.36,9.12,11.76
"obesityclassII",18,1.3617,3.8493,1.0851,4.181,-8.16,-6.03,-5.4,-4.26,-2.78,-1.77,-1.28,-0.76,1.22,3.34,3.92,4.49,5.67,7.43,8.81,9.56,12.14
"obesityclassII",19,1.6313,3.9252,1.0856,4.4956,-8.05,-5.95,-5.32,-4.17,-2.67,-1.63,-1.12,-0.59,1.48,3.7,4.31,4.9,6.1,7.89,9.27,10.02,12.55
"obesityclassII",20,1.9278,4.0037,1.0867,4.8353,-7.9,-5.83,-5.21,-4.06,-2.52,-1.46,-0.94,-0.38,1.78,4.09,4.72,5.32,6.56,8.38,9.76,10.5,12.99
"obesityclassII",21,2.2458,4.0852,1.0884,5.2006,-7.72,-5.69,-5.07,-3.91,-2.36,-1.27,-0.73,-0.15,2.09,4.49,5.15,5.77,7.04,8.88,10.26,11,13.46
"obesityclassII",22,2.5799,4.1703,1.0907,5.5922,-7.53,-5.52,-4.91,-3.74,-2.17,-1.06,-0.5,0.09,2.42,4.91,5.59,6.23,7.53,9.4,10.79,11.53,13.96
"obesityclassII",23,2.9254,4.2594,1.0936,6.0121,-7.33,-5.35,-4.73,-3.57,-1.97,-0.83,-0.26,0.35,2.76,5.35,6.04,6.7,8.03,9.93,11.33,12.07,14.48
"obesityclassII",24,3.2776,4.353,1.0971,6.4636,-7.14,-5.17,-4.56,-3.38,-1.77,-0.61,-0.02,0.61,3.11,5.78,6.5,7.18,8.55,10.47,11.89,12.63,15.02
"obesityclassII",25,3.632,4.4517,1.101,6.951,-6.94,-4.99,-4.38,-3.2,-1.56,-0.38,0.23,0.88,3.45,6.22,6.96,7.67,9.06,11.03,12.45,13.2,15.58
"obesityclassII",26,3.9872,4.5559,1.1054,7.4797,-6.76,-4.82,-4.21,-3.02,-1.36,-0.15,0.47,1.14,3.8,6.67,7.43,8.15,9.59,11.59,13.03,13.78,16.16
"obesityclassII",27,4.3444,4.6657,1.1101,8.055,-6.58,-4.65,-4.04,-2.85,-1.16,0.08,0.71,1.4,4.15,7.11,7.9,8.65,10.12,12.16,13.62,14.37,16.76
"obesityclassII",28,4.705,4.7813,1.1152,8.6838,-6.41,-4.49,-3.88,-2.67,-0.96,0.3,0.95,1.66,4.5,7.57,8.38,9.15,10.66,12.74,14.22,14.98,17.38
"obesityclassII",29,5.0709,4.9029,1.1205,9.3741,-6.25,-4.33,-3.71,-2.5,-0.76,0.53,1.2,1.92,4.85,8.03,8.87,9.66,11.21,13.34,14.84,15.61,18.02
"obesityclassII",30,5.4448,5.0302,1.1261,10.1335,-6.09,-4.17,-3.55,-2.33,-0.56,0.76,1.44,2.19,5.21,8.5,9.36,10.18,11.78,13.95,15.48,16.26,18.69
"obesityclassII",31,5.8296,5.1633,1.1319,10.9708,-5.93,-4.01,-3.39,-2.15,-0.36,1,1.7,2.46,5.58,8.98,9.88,10.72,12.36,14.59,16.14,16.94,19.38
"obesityclassII",32,6.2278,5.3018,1.138,11.896,-5.77,-3.85,-3.22,-1.97,-0.14,1.24,1.96,2.75,5.97,9.48,10.41,11.27,12.96,15.24,16.83,17.64,20.11
"obesityclassII",33,6.6391,5.4456,1.1442,12.9195,-5.61,-3.68,-3.04,-1.77,0.08,1.5,2.24,3.04,6.36,10,10.95,11.85,13.59,15.92,17.54,18.36,20.86
"obesityclassII",34,7.0619,5.5944,1.1505,14.0523,-5.44,-3.5,-2.86,-1.58,0.31,1.76,2.52,3.34,6.77,10.53,11.51,12.43,14.23,16.62,18.27,19.11,21.64
"obesityclassII",35,7.4946,5.7479,1.1571,15.3068,-5.28,-3.32,-2.67,-1.37,0.55,2.03,2.8,3.65,7.19,11.07,12.09,13.04,14.88,17.34,19.03,19.88,22.45
"obesityclassII",36,7.9352,5.9059,1.1637,16.6962,-5.11,-3.14,-2.49,-1.17,0.79,2.3,3.1,3.97,7.61,11.62,12.67,13.65,15.55,18.07,19.8,20.66,23.28
"obesityclassII",37,8.3816,6.0683,1.1705,18.2347,-4.95,-2.96,-2.3,-0.96,1.03,2.58,3.39,4.29,8.04,12.18,13.27,14.28,16.23,18.82,20.58,21.47,24.12
"obesityclassII",38,8.8316,6.2351,1.1775,19.9375,-4.79,-2.79,-2.11,-0.76,1.27,2.85,3.69,4.61,8.47,12.75,13.87,14.91,16.92,19.58,21.38,22.28,24.99
"obesityclassII",39,9.2831,6.4063,1.1845,21.8215,-4.63,-2.61,-1.93,-0.56,1.51,3.12,3.98,4.92,8.9,13.32,14.47,15.54,17.62,20.35,22.19,23.11,25.87
"obesityclassII",40,9.7357,6.582,1.1915,23.9053,-4.49,-2.45,-1.76,-0.36,1.75,3.4,4.27,5.24,9.33,13.89,15.08,16.19,18.32,21.12,23.01,23.96,26.76
"obesityclassII",41,10.189,6.7625,1.1987,26.2095,-4.35,-2.29,-1.59,-0.17,1.98,3.66,4.56,5.55,9.76,14.46,15.69,16.83,19.03,21.91,23.85,24.81,27.68
"obesityclassIII",8,0.2947,3.3613,1.0212,2.4104,-7.25,-4.91,-4.3,-3.28,-2.12,-1.44,-1.13,-0.82,0.26,1.37,1.69,2.02,2.74,3.95,5.04,5.68,8.17
"obesityclassIII",9,0.2754,3.4255,1.0263,2.5015,-7.72,-5.3,-4.66,-3.59,-2.36,-1.63,-1.29,-0.95,0.23,1.45,1.81,2.16,2.94,4.25,5.41,6.09,8.69
"obesityclassIII",10,0.2598,3.4908,1.0316,2.6118,-8.14,-5.67,-5.01,-3.89,-2.6,-1.81,-1.45,-1.09,0.21,1.55,1.93,2.32,3.16,4.56,5.77,6.48,9.17
"obesityclassIII",11,0.2504,3.5573,1.037,2.7444,-8.51,-6.01,-5.34,-4.19,-2.83,-2,-1.61,-1.22,0.19,1.65,2.07,2.48,3.39,4.87,6.14,6.87,9.62
"obesityclassIII",12,0.2506,3.6249,1.0425,2.9025,-8.82,-6.32,-5.64,-4.46,-3.05,-2.17,-1.76,-1.34,0.18,1.76,2.21,2.66,3.62,5.18,6.49,7.24,10.03
"obesityclassIII",13,0.2668,3.6937,1.0482,3.089,-9.06,-6.59,-5.9,-4.7,-3.25,-2.33,-1.9,-1.45,0.18,1.89,2.37,2.85,3.87,5.49,6.83,7.6,10.39
"obesityclassIII",14,0.306,3.7636,1.054,3.3064,-9.23,-6.8,-6.12,-4.91,-3.42,-2.46,-2,-1.53,0.21,2.04,2.56,3.06,4.13,5.81,7.18,7.95,10.72
"obesityclassIII",15,0.3753,3.8348,1.0598,3.5562,-9.33,-6.95,-6.28,-5.06,-3.55,-2.56,-2.08,-1.58,0.27,2.22,2.76,3.3,4.41,6.14,7.53,8.3,11.04
"obesityclassIII",16,0.4777,3.9074,1.0658,3.8401,-9.36,-7.05,-6.38,-5.17,-3.63,-2.61,-2.11,-1.59,0.36,2.43,3,3.56,4.72,6.49,7.89,8.66,11.35
"obesityclassIII",17,0.6134,3.9817,1.0717,4.1603,-9.34,-7.1,-6.44,-5.23,-3.67,-2.62,-2.11,-1.57,0.49,2.67,3.27,3.85,5.05,6.85,8.26,9.03,11.68
"obesityclassIII",18,0.7823,4.058,1.0776,4.5188,-9.28,-7.1,-6.45,-5.25,-3.67,-2.6,-2.06,-1.51,0.64,2.93,3.56,4.16,5.4,7.24,8.65,9.42,12.01
"obesityclassIII",19,0.983,4.1365,1.0834,4.9173,-9.18,-7.05,-6.41,-5.22,-3.64,-2.53,-1.99,-1.41,0.83,3.23,3.88,4.51,5.78,7.65,9.06,9.83,12.37
"obesityclassIII",20,1.2111,4.2175,1.089,5.3578,-9.06,-6.98,-6.35,-5.16,-3.56,-2.44,-1.88,-1.28,1.05,3.55,4.23,4.87,6.18,8.08,9.5,10.26,12.76
"obesityclassIII",21,1.4621,4.3013,1.0946,5.8419,-8.91,-6.88,-6.26,-5.08,-3.46,-2.32,-1.74,-1.13,1.29,3.89,4.59,5.26,6.6,8.52,9.95,10.7,13.17
"obesityclassIII",22,1.7312,4.3883,1.1,6.3715,-8.76,-6.77,-6.15,-4.97,-3.34,-2.18,-1.58,-0.95,1.55,4.25,4.97,5.66,7.04,8.99,10.42,11.17,13.61
"obesityclassIII",23,2.0133,4.4787,1.1054,6.95,-8.6,-6.64,-6.03,-4.85,-3.21,-2.02,-1.41,-0.76,1.83,4.62,5.36,6.07,7.48,9.46,10.9,11.65,14.06
"obesityclassIII",24,2.3031,4.5731,1.1106,7.5819,-8.44,-6.51,-5.9,-4.72,-3.07,-1.85,-1.23,-0.57,2.11,4.99,5.76,6.49,7.94,9.95,11.4,12.15,14.54
"obesityclassIII",25,2.5954,4.6717,1.1157,8.2733,-8.29,-6.39,-5.78,-4.6,-2.92,-1.69,-1.05,-0.37,2.39,5.37,6.17,6.91,8.39,10.44,11.9,12.65,15.03
"obesityclassIII",26,2.889,4.7748,1.1208,9.0301,-8.16,-6.27,-5.66,-4.48,-2.78,-1.52,-0.87,-0.17,2.67,5.75,6.57,7.34,8.85,10.93,12.41,13.17,15.54
"obesityclassIII",27,3.1862,4.8825,1.1257,9.858,-8.03,-6.15,-5.55,-4.35,-2.64,-1.35,-0.69,0.03,2.96,6.14,6.98,7.77,9.32,11.44,12.93,13.69,16.06
"obesityclassIII",28,3.4898,4.9947,1.1305,10.7632,-7.91,-6.04,-5.43,-4.23,-2.49,-1.18,-0.5,0.24,3.25,6.53,7.4,8.21,9.8,11.96,13.46,14.23,16.61
"obesityclassIII",29,3.8024,5.1116,1.1352,11.7525,-7.79,-5.92,-5.31,-4.1,-2.34,-1,-0.31,0.45,3.56,6.94,7.83,8.66,10.29,12.49,14.02,14.79,17.18
"obesityclassIII",30,4.1268,5.233,1.1398,12.8319,-7.67,-5.81,-5.19,-3.97,-2.18,-0.81,-0.1,0.67,3.87,7.36,8.27,9.13,10.8,13.04,14.59,15.37,17.78
"obesityclassIII",31,4.4659,5.3585,1.1443,14.0071,-7.55,-5.68,-5.06,-3.83,-2,-0.61,0.12,0.91,4.2,7.79,8.73,9.61,11.32,13.61,15.18,15.98,18.4
"obesityclassIII",32,4.8222,5.4882,1.1488,15.2849,-7.43,-5.54,-4.92,-3.67,-1.82,-0.4,0.35,1.16,4.54,8.24,9.21,10.11,11.87,14.2,15.81,16.61,19.06
"obesityclassIII",33,5.1945,5.6216,1.1532,16.6744,-7.29,-5.4,-4.77,-3.5,-1.62,-0.17,0.59,1.43,4.9,8.71,9.71,10.63,12.43,14.82,16.45,17.27,19.74
"obesityclassIII",34,5.58,5.7589,1.1576,18.1879,-7.15,-5.25,-4.61,-3.33,-1.41,0.07,0.85,1.71,5.27,9.2,10.22,11.17,13.01,15.45,17.12,17.95,20.45
"obesityclassIII",35,5.9757,5.8996,1.162,19.84,-7.01,-5.09,-4.45,-3.15,-1.2,0.31,1.11,1.99,5.66,9.69,10.74,11.72,13.61,16.11,17.8,18.64,21.18
"obesityclassIII",36,6.3787,6.0437,1.1664,21.6471,-6.88,-4.93,-4.28,-2.96,-0.98,0.57,1.38,2.28,6.05,10.2,11.28,12.28,14.22,16.77,18.5,19.36,21.93
"obesityclassIII",37,6.7856,6.1914,1.1708,23.6271,-6.74,-4.78,-4.12,-2.78,-0.76,0.82,1.66,2.57,6.44,10.71,11.81,12.85,14.83,17.44,19.21,20.08,22.7
"obesityclassIII",38,7.1932,6.3426,1.1751,25.801,-6.61,-4.63,-3.96,-2.6,-0.54,1.07,1.93,2.87,6.83,11.22,12.36,13.42,15.45,18.13,19.92,20.82,23.47
"obesityclassIII",39,7.599,6.4975,1.1794,28.1922,-6.49,-4.49,-3.81,-2.42,-0.33,1.31,2.19,3.15,7.22,11.73,12.9,13.99,16.08,18.81,20.65,21.56,24.26
"obesityclassIII",40,8.003,6.6561,1.1837,30.8235,-6.38,-4.35,-3.66,-2.26,-0.12,1.56,2.45,3.44,7.61,12.24,13.44,14.56,16.7,19.5,21.38,22.3,25.05
"obesityclassIII",41,8.4058,6.8185,1.188,33.719,-6.28,-4.23,-3.53,-2.1,0.08,1.79,2.71,3.72,8,12.76,13.99,15.14,17.33,20.2,22.11,23.06,25.86
